{
  "manifest": {
    "apis": {
      "custom": {
        "endpoint": {
          "uri": "arn:aws:lambda:us-east-1:852571224717:function:f1e7846b-dea7-4870-9461-d7461d430acc:Release_0"
        },
        "interfaces": [],
        "locales": {},
        "regions": {
          "NA": {
            "endpoint": {
              "uri": "arn:aws:lambda:us-east-1:852571224717:function:f1e7846b-dea7-4870-9461-d7461d430acc:Release_0"
            }
          },
          "EU": {
            "endpoint": {
              "uri": "arn:aws:lambda:eu-west-1:852571224717:function:f1e7846b-dea7-4870-9461-d7461d430acc:Release_0"
            }
          },
          "FE": {
            "endpoint": {
              "uri": "arn:aws:lambda:us-west-2:852571224717:function:f1e7846b-dea7-4870-9461-d7461d430acc:Release_0"
            }
          }
        }
      }
    },
    "manifestVersion": "1.0",
    "publishingInformation": {
      "distributionCountries": [],
      "isAvailableWorldwide": true,
      "locales": {
        "en-US": {
          "description": "Sample Full Description",
          "examplePhrases": [
            "Alexa open hello world",
            "hello",
            "help"
          ],
          "keywords": [],
          "name": "Hello World",
          "summary": "Sample Short Description"
        },
        "es-MX": {
          "name": "Hello World"
        }
      },
      "testingInstructions": "Sample Testing Instructions."
    }
  }
}