{
  "manifest": {
    "publishingInformation": {
      "locales": {
        "en-US": {
          "name": "convertor"
        },
        "es-MX": {
          "summary": "un conversor de unidades de distancias de centímetros a unidades inglesas",
          "examplePhrases": [
            "Alexa Abre conversor distancias",
            "Abrir conversor distancias",
            "ayuda"
          ],
          "keywords": [
            "conversor",
            "distancias"
          ],
          "name": "convertor",
          "description": "Es una skill para un trabajo escolar",
          "smallIconUri": "file://assets/images/es-MX_smallIconUri.png",
          "largeIconUri": "file://assets/images/es-MX_largeIconUri.png"
        }
      },
      "isAvailableWorldwide": false,
      "testingInstructions": "{\"ask_dist_username\":\"\",\"ask_dist_password\":\"\",\"ask_dist_testing_instructions\":\"abrir conversor de unidades\\nconvierte cien metros a pies\"}",
      "category": "EDUCATION_AND_REFERENCE",
      "distributionMode": "PUBLIC",
      "distributionCountries": [
        "MX"
      ]
    },
    "apis": {
      "custom": {
        "endpoint": {
          "uri": "arn:aws:lambda:us-east-1:852571224717:function:e27f53a4-f62f-4f3f-a359-deeb0219d1b4:Release_1"
        },
        "interfaces": [],
        "locales": {},
        "regions": {
          "EU": {
            "endpoint": {
              "uri": "arn:aws:lambda:eu-west-1:852571224717:function:e27f53a4-f62f-4f3f-a359-deeb0219d1b4:Release_1"
            }
          },
          "NA": {
            "endpoint": {
              "uri": "arn:aws:lambda:us-east-1:852571224717:function:e27f53a4-f62f-4f3f-a359-deeb0219d1b4:Release_1"
            }
          },
          "FE": {
            "endpoint": {
              "uri": "arn:aws:lambda:us-west-2:852571224717:function:e27f53a4-f62f-4f3f-a359-deeb0219d1b4:Release_1"
            }
          }
        }
      }
    },
    "manifestVersion": "1.0",
    "privacyAndCompliance": {
      "allowsPurchases": false,
      "locales": {
        "es-MX": {}
      },
      "containsAds": false,
      "isExportCompliant": true,
      "isChildDirected": false,
      "usesPersonalInfo": false
    }
  }
}