{
  "manifest": {
    "publishingInformation": {
      "locales": {
        "es-MX": {
          "summary": "Aplicación que da una breve información acerca de lenguaje de programación",
          "examplePhrases": [
            "Alexa abre curiosidades de programación",
            "abre curiosidades de programación",
            "ayuda"
          ],
          "keywords": [
            "curiosidades",
            "programación",
            "python"
          ],
          "name": "Curiosidades de programacion",
          "description": "En esta aplicación podrás encontrar información sobre seis lenguajes de programación, dando pequeñas curiosidades de cada una de ellas",
          "smallIconUri": "file://assets/images/es-MX_smallIconUri.png",
          "updatesDescription": "Actividad académica",
          "largeIconUri": "file://assets/images/es-MX_largeIconUri.png"
        }
      },
      "automaticDistribution": {
        "sourceLocaleForLanguages": [],
        "isActive": false
      },
      "isAvailableWorldwide": false,
      "testingInstructions": "{\"ask_dist_username\":\"\",\"ask_dist_password\":\"\",\"ask_dist_testing_instructions\":\"Abre curiosidades de programación\\nCuriosidad python\\n\"}",
      "category": "EDUCATION_AND_REFERENCE",
      "distributionMode": "PUBLIC",
      "distributionCountries": [
        "MX"
      ]
    },
    "apis": {
      "custom": {
        "endpoint": {
          "uri": "arn:aws:lambda:us-east-1:852571224717:function:6b833a69-f978-40b7-b6f9-ac222b86b0b8:Release_1"
        },
        "interfaces": [],
        "locales": {},
        "regions": {
          "EU": {
            "endpoint": {
              "uri": "arn:aws:lambda:eu-west-1:852571224717:function:6b833a69-f978-40b7-b6f9-ac222b86b0b8:Release_1"
            }
          },
          "NA": {
            "endpoint": {
              "uri": "arn:aws:lambda:us-east-1:852571224717:function:6b833a69-f978-40b7-b6f9-ac222b86b0b8:Release_1"
            }
          },
          "FE": {
            "endpoint": {
              "uri": "arn:aws:lambda:us-west-2:852571224717:function:6b833a69-f978-40b7-b6f9-ac222b86b0b8:Release_1"
            }
          }
        }
      }
    },
    "manifestVersion": "1.0",
    "privacyAndCompliance": {
      "allowsPurchases": false,
      "locales": {
        "es-MX": {}
      },
      "containsAds": false,
      "isExportCompliant": true,
      "isChildDirected": false,
      "shoppingKit": {
        "isShoppingActionsEnabled": false,
        "isAmazonAssociatesOnAlexaEnabled": false
      },
      "usesPersonalInfo": false
    }
  }
}