{
  "interactionModel": {
    "languageModel": {
      "invocationName": "conversor distancias",
      "intents": [
        {
          "name": "AMAZON.CancelIntent",
          "samples": []
        },
        {
          "name": "AMAZON.HelpIntent",
          "samples": []
        },
        {
          "name": "AMAZON.StopIntent",
          "samples": []
        },
        {
          "name": "HelloWorldIntent",
          "slots": [],
          "samples": [
            "hola",
            "como estás",
            "di hola mundo",
            "di hola",
            "hola mundo"
          ]
        },
        {
          "name": "AMAZON.NavigateHomeIntent",
          "samples": []
        },
        {
          "name": "ConvertUnid",
          "slots": [
            {
              "name": "valor",
              "type": "AMAZON.NUMBER"
            },
            {
              "name": "unidad_origen",
              "type": "Unidades_medida"
            },
            {
              "name": "unidad_destino",
              "type": "Unidades_medida"
            }
          ],
          "samples": [
            "convierte {valor} {unidad_origen} a {unidad_destino}",
            "cuanto equivale {valor} {unidad_origen} en {unidad_destino}",
            "calculame cuanto es {valor} {unidad_origen} en {unidad_destino} "
          ]
        }
      ],
      "types": [
        {
          "values": [
            {
              "id": "milla",
              "name": {
                "value": "milla",
                "synonyms": [
                  "mi",
                  "millas"
                ]
              }
            },
            {
              "id": "centimetro",
              "name": {
                "value": "centimetro",
                "synonyms": [
                  "centimetro",
                  "cms",
                  "cm"
                ]
              }
            },
            {
              "id": "pulgada",
              "name": {
                "value": "pulgada",
                "synonyms": [
                  "plg",
                  "in"
                ]
              }
            },
            {
              "id": "metro",
              "name": {
                "value": "metro",
                "synonyms": [
                  "m",
                  "metros",
                  "M"
                ]
              }
            },
            {
              "id": "yarda",
              "name": {
                "value": "yarda",
                "synonyms": [
                  "yardas",
                  "yd"
                ]
              }
            },
            {
              "id": "pie",
              "name": {
                "value": "pie",
                "synonyms": [
                  "pies",
                  "ft",
                  "pies"
                ]
              }
            }
          ],
          "name": "Unidades_medida"
        }
      ]
    }
  },
  "version": "18"
}